logical_group,canonical_group,physical_run,alias_of,object,seed,run_name,run_signature,model,model_revision,input_size,total_steps,batch_size,learning_rate,weight_decay,train_total,train_real,train_synthetic,train_real_defect,train_synthetic_defect,test_total,dice,miou,pixel_auroc,aupro,peak_vram_gib,training_seconds,model_sha256,data_manifest_sha256
real_only,real_only,true,,pcb1,42,m18_real_only_pcb1_seed42,956c4042ca331cff7fdfe1f9ad9978dfb07050d7d3a3a4993d6f67dac8ccbf0b,segformer_b0,489d5cd81a0b59fab9b7ea758d3548ebe99677da,512,500,4,6e-05,0.01,612,612,0,10,0,442,0.3761873629965773,0.6156245759357658,0.9460468575559333,0.6027983441018951,1.01470947265625,192.22930434499995,74d7caaa3131668696dfc0d72f5c2775931fdd2de1fda67c2e59a8254b499843,6e7e09cc95b665a185089ce4ce84b1982b5f9db77dba4eda34b905bd0f708334
std_aug,std_aug,true,,pcb1,42,m18_std_aug_pcb1_seed42,2b7125c6767c3c04d79a500494bd6e7f4ccbe0432e00a842d87595cbf17e25ba,segformer_b0,489d5cd81a0b59fab9b7ea758d3548ebe99677da,512,500,4,6e-05,0.01,612,612,0,10,0,442,0.3835701466758423,0.6184501634339045,0.9143590594447806,0.5739876864883188,1.01470947265625,249.97464399399996,5e2f1a1f64d0ed21ee1ca4ed916bfacd32ce5481cc11b8d86e3496dfe57f6e7d,afa61ce71bd5f98668b702a6f03cd89d06a7dfefabeb3b083f44e548e721982f
unfiltered_syn,unfiltered_syn,true,,pcb1,42,m18_unfiltered_syn_pcb1_seed42,afa47d8d4bfd354df953a9febcc17c1ef529b803b469c955155cbf462ddce3b9,segformer_b0,489d5cd81a0b59fab9b7ea758d3548ebe99677da,512,500,4,6e-05,0.01,1112,612,500,10,500,442,0.2490289483327226,0.5708905601905749,0.932390956881369,0.6065337271823633,1.01470947265625,232.01185669899996,d72763d29bd5f40d12001bddd62bc40e90434fac058d71ec6ec2029c92330305,aede13f3c7f09d5941a2a166b15bc4d27a29ec8c579df039f5eaf263df7e74bd
filtered_syn,filtered_syn,true,,pcb1,42,m18_filtered_syn_pcb1_seed42,e53e0afceeff2fddb35e29b0bdb5f144c5ae048799e76d257e8c378ba0cd25f0,segformer_b0,489d5cd81a0b59fab9b7ea758d3548ebe99677da,512,500,4,6e-05,0.01,1112,612,500,10,500,442,0.06214317711758595,0.5156093659637621,0.9010364592753061,0.7470872439177954,1.01470947265625,233.1297897909999,ce0fd47f6e4d2653876daf38f5412b9acc96106722cb00b701a6c3d85fb57346,022d4a3965c16066d5662ca9263b94326f5b1d0a115dd4b3c1ca983c2e1cdfdf
full_real,full_real,true,,pcb1,42,m18_full_real_pcb1_seed42,38246c0a96c0a12c2a8855beee0938347387e69f73f2bea14fb20f8d290d341f,segformer_b0,489d5cd81a0b59fab9b7ea758d3548ebe99677da,512,500,4,6e-05,0.01,662,662,0,60,0,442,0.6862354114128204,0.7610328141837459,0.9295723532617873,0.599875043965242,1.01470947265625,194.0027973629999,82ee26e11e84283ae31a000bb5e11ff7f447751529d85c3088eb8f7e3b696940,afb2801d01f1f83d8d96c7013a971f3a5be189650d7ea405aa95259de94fec69
procedural_only,procedural_only,true,,pcb1,42,m18_procedural_only_pcb1_seed42,397b5f985f13921038fb409f3717b42a72b758edab2c1a80b410368f1190545d,segformer_b0,489d5cd81a0b59fab9b7ea758d3548ebe99677da,512,500,4,6e-05,0.01,1102,602,500,0,500,442,0.03157825050754701,0.5076424547393283,0.8550925544322173,0.5963189670345592,1.01470947265625,233.16653538900027,192507067828cff6e06ecc6b7334ac612b2d2ee22d43351385b0ee467dec1bd8,44cc12182fbf9800419658fe2d342835e658c5a5f4e4dc416c920b2e73f107ee
copypaste_only,copypaste_only,true,,pcb1,42,m18_copypaste_only_pcb1_seed42,66a3e0c0b2dc7045591efa7a9e1d90c6ad18e68062a1215291630fd35f0e2d00,segformer_b0,489d5cd81a0b59fab9b7ea758d3548ebe99677da,512,500,4,6e-05,0.01,1112,612,500,10,500,442,0.0,0.4997431379637567,0.9014626386042132,0.43864891141393525,1.01470947265625,232.56602597500023,142aa72e36e84f405b93ab8f2859a145576c3caafd52990fc0a0e381d08c1699,2f5c75d52f383f40e8152385d1f2b4226b95fc6c1db01f6613d5bacd1790cb26
diffusion_only,diffusion_only,true,,pcb1,42,m18_diffusion_only_pcb1_seed42,b1b723847dee347a11bfed70021a54856dc1142fb832ffafc1d674eb00dfdbda,segformer_b0,489d5cd81a0b59fab9b7ea758d3548ebe99677da,512,500,4,6e-05,0.01,1112,612,500,10,500,442,0.0,0.4997431379637567,0.8288060077775325,0.4555946723723677,1.01470947265625,232.37256774399975,44aa654c02cce6df2190cb4efd98d3fa77c3980924985600b8fa673e70835197,df31b21f97cbf015d563ec56c3335fd63c2c9c1e66c7a41d4c233933129ac1d1
all_mixed,filtered_syn,false,filtered_syn,pcb1,42,m18_filtered_syn_pcb1_seed42,e53e0afceeff2fddb35e29b0bdb5f144c5ae048799e76d257e8c378ba0cd25f0,segformer_b0,489d5cd81a0b59fab9b7ea758d3548ebe99677da,512,500,4,6e-05,0.01,1112,612,500,10,500,442,0.06214317711758595,0.5156093659637621,0.9010364592753061,0.7470872439177954,1.01470947265625,233.1297897909999,ce0fd47f6e4d2653876daf38f5412b9acc96106722cb00b701a6c3d85fb57346,022d4a3965c16066d5662ca9263b94326f5b1d0a115dd4b3c1ca983c2e1cdfdf
real_only,real_only,true,,capsules,42,m18_real_only_capsules_seed42,474773e0b1b2ac3d0774ceb67de689c9ff2c140a8d7898d6986d55a6d48da588,segformer_b0,489d5cd81a0b59fab9b7ea758d3548ebe99677da,512,500,4,6e-05,0.01,371,371,0,10,0,281,0.5957627705114136,0.7118527292506931,0.9857729273879243,0.848775221649169,1.01470947265625,190.00235389800002,3c9c28d8d8236c3a0ffdebb94ca32feccdc41150c3e0540751afa671df2cecd0,70c6938e794a27be1d27996aa15c1c99a5033eb3c89119d40ba4346d3d696949
std_aug,std_aug,true,,capsules,42,m18_std_aug_capsules_seed42,db17bb99db65f3b540b063c7805b908a00b9349768796ba64cfce1da9a337e93,segformer_b0,489d5cd81a0b59fab9b7ea758d3548ebe99677da,512,500,4,6e-05,0.01,371,371,0,10,0,281,0.0,0.49962395365976353,0.8660863291859695,0.5591203974295269,1.01470947265625,252.17647629800013,31b6cc1a4c630a8c8e6685232e5e62332984f3056ffda9871162732fe10487ea,42114d2831972318531b8811ba77a33ea4c277b77fc1fa0c4d6380c085ec1cdf
unfiltered_syn,unfiltered_syn,true,,capsules,42,m18_unfiltered_syn_capsules_seed42,49ac9980da712f3fafa139c1c35831018d52209d73606fdb795effb199ca6443,segformer_b0,489d5cd81a0b59fab9b7ea758d3548ebe99677da,512,500,4,6e-05,0.01,871,371,500,10,500,281,0.0,0.49962395365976353,0.49192781394568724,0.1666301117599849,1.01470947265625,235.15258932100005,4efb93be0bae223c81c3a04257e9955a051141e9c5a94d5c4b115ef308d63d42,f0b6e91c8fa6c7a50646b02c89ff1b77c420e17d77fc926d20333f6f1ad97785
filtered_syn,filtered_syn,true,,capsules,42,m18_filtered_syn_capsules_seed42,7fe1348a00464da16e9ae43dcdb43e2695e62a4b06e0b8b3ac081b22aa0cabd8,segformer_b0,489d5cd81a0b59fab9b7ea758d3548ebe99677da,512,500,4,6e-05,0.01,871,371,500,10,500,281,0.45702451954937046,0.647653350816465,0.9737402359450872,0.9137250781414354,1.01470947265625,234.77704052900003,e9daf7e3456566fefd863649fdb99384701d3e48be7ab06f4079e699ed244ded,5c78f2c1a0610dd7210d8dcf97e65e735d8be433756b93565356256a3d0fcbce
full_real,full_real,true,,capsules,42,m18_full_real_capsules_seed42,75b3b9fbd73a1b9e842944c60d481053f26425f1a1590bbef914bc6521a56215,segformer_b0,489d5cd81a0b59fab9b7ea758d3548ebe99677da,512,500,4,6e-05,0.01,421,421,0,60,0,281,0.6330528779866044,0.7311504527960176,0.9990569480148784,0.9590810980914699,1.01470947265625,191.22002128400004,9632d2c64d6323e00e382e351d6ad8cc6ddfb4d101e32819e7a07f3351c73450,b286562c3bfd955d90dfdbc4a0f149404e9e91b3ccfec22e09ccd230406dc544
procedural_only,procedural_only,true,,capsules,42,m18_procedural_only_capsules_seed42,d97d43c0771d96fc9416bfad087653587304811c732d82fb31fbb6d8980009e0,segformer_b0,489d5cd81a0b59fab9b7ea758d3548ebe99677da,512,500,4,6e-05,0.01,861,361,500,0,500,281,0.0,0.49962395365976353,0.612695831828606,0.3505565539010738,1.01470947265625,235.37710916000015,b821a3b50c456c9df373d5a0caf37dd7b3f3df5a82cdaa41cfa00ac17f8cddcb,f61d9ad967107b71d433e4c82afc8797c07ef4a17b3debd329c31d6b7d15430a
copypaste_only,copypaste_only,true,,capsules,42,m18_copypaste_only_capsules_seed42,81913e52d47d0baa3cf755a215c44ab9222f2e9bf188d7960259f0f88dbb5335,segformer_b0,489d5cd81a0b59fab9b7ea758d3548ebe99677da,512,500,4,6e-05,0.01,871,371,500,10,500,281,0.6100648755635377,0.7190967766122796,0.9869033591491194,0.9439804197561812,1.01470947265625,234.18782930800035,c0eafb56b4fd7df33b084573e82a7a48c676e53918351c5fdf72a3369b7b0e02,052a1e3f17a352b2117502d252bbab972236cf2051358ab2aadf5ecb8e320ded
diffusion_only,diffusion_only,true,,capsules,42,m18_diffusion_only_capsules_seed42,b82a426ba8325ce0e62da84726139461659d1c54894abbe35186b7cd868f0a53,segformer_b0,489d5cd81a0b59fab9b7ea758d3548ebe99677da,512,500,4,6e-05,0.01,871,371,500,10,500,281,0.0,0.49962395365976353,0.5177740837745254,0.2556225973228921,1.01470947265625,234.2207538570001,49a74778949f4ad16771636b8411cf0b1a719632f51f05185d318d8e2affd51f,7df5b7a3dbe1c61254a1e05d088837c213d6e8183bea56d29c8a403d38121a9b
all_mixed,filtered_syn,false,filtered_syn,capsules,42,m18_filtered_syn_capsules_seed42,7fe1348a00464da16e9ae43dcdb43e2695e62a4b06e0b8b3ac081b22aa0cabd8,segformer_b0,489d5cd81a0b59fab9b7ea758d3548ebe99677da,512,500,4,6e-05,0.01,871,371,500,10,500,281,0.45702451954937046,0.647653350816465,0.9737402359450872,0.9137250781414354,1.01470947265625,234.77704052900003,e9daf7e3456566fefd863649fdb99384701d3e48be7ab06f4079e699ed244ded,5c78f2c1a0610dd7210d8dcf97e65e735d8be433756b93565356256a3d0fcbce
